shell,triangles,cx,cy,cz,dx,dy,dz,xmin,ymin,zmin,xmax,ymax,zmax
0,28196,0.0,-0.5,213.00009536743164,106.0,105.0,217.96788787841797,-53.0,-53.0,104.01615142822266,53.0,52.0,321.9840393066406
1,23840,0.0,17.5,129.0,84.99993896484375,34.0,84.99993896484375,-42.499969482421875,0.5,86.50003051757812,42.499969482421875,34.5,171.49996948242188
2,23840,0.0,17.5,385.0,84.99993896484375,34.0,84.99993896484375,-42.499969482421875,0.5,342.5000305175781,42.499969482421875,34.5,427.4999694824219
3,23840,-108.0,0.0,367.5,84.99993896484375,84.99993896484375,34.0,-150.49996948242188,-42.499969482421875,350.5,-65.50003051757812,42.499969482421875,384.5
4,23840,0.0,0.0,9.0,84.99803924560547,84.99803924560547,34.0,-42.499019622802734,-42.499019622802734,-8.0,42.499019622802734,42.499019622802734,26.0
5,23840,0.0,17.5,277.0,84.99993896484375,34.0,84.99993896484375,-42.499969482421875,0.5,234.50003051757812,42.499969482421875,34.5,319.4999694824219
6,18700,-64.00010299682617,-0.5,385.0,177.96790313720703,105.0,90.0,-152.9840545654297,-53.0,340.0,24.983848571777344,52.0,430.0
7,18700,0.0,-0.5,341.0000991821289,90.0,105.0,177.96788024902344,-45.0,-53.0,252.0161590576172,45.0,52.0,429.9840393066406
8,17022,0.0,0.0,102.99202728271484,90.0,90.0,141.9840545654297,-45.0,-45.0,32.0,45.0,45.0,173.9840545654297
9,16574,0.0,0.0,28.999999523162842,300.0,268.8314208984375,74.00000095367432,-150.0,-134.41571044921875,-8.000000953674316,150.0,134.41571044921875,66.0
10,13340,-132.50807571411133,0.0,388.5,98.98384857177734,150.0,111.0,-182.0,-75.0,333.0,-83.01615142822266,75.0,444.0
11,7106,0.0,35.79999923706055,385.0,54.99665451049805,6.0,54.99664306640625,-27.498327255249023,32.79999923706055,357.5016784667969,27.498327255249023,38.79999923706055,412.4983215332031
12,7106,0.0,35.79999923706055,128.99999618530273,54.99665451049805,6.0,54.99665069580078,-27.498327255249023,32.79999923706055,101.50167083740234,27.498327255249023,38.79999923706055,156.49832153320312
13,7106,-107.99999618530273,0.0,349.20001220703125,54.99665069580078,54.99665451049805,6.0,-135.49832153320312,-27.498327255249023,346.20001220703125,-80.50167083740234,27.498327255249023,352.20001220703125
14,7106,0.0,0.0,27.299999237060547,54.996212005615234,54.996212005615234,6.0,-27.498106002807617,-27.498106002807617,24.299999237060547,27.498106002807617,27.498106002807617,30.299999237060547
15,7106,0.0,35.79999923706055,277.0,54.99665451049805,6.0,54.99664306640625,-27.498327255249023,32.79999923706055,249.50167846679688,27.498327255249023,38.79999923706055,304.4983215332031
16,6344,-0.005110740661621094,-16.5,129.0,46.98977851867676,7.0,46.991973876953125,-23.5,-20.0,105.50401306152344,23.489778518676758,-13.0,152.49598693847656
17,4654,0.0011243820190429688,33.44999980926514,276.9931640625,46.59188270568848,14.100000381469727,46.586181640625,-23.294816970825195,26.399999618530273,253.7000732421875,23.29706573486328,40.5,300.2862548828125
18,4654,0.0011243820190429688,33.44999980926514,384.9931640625,46.59188270568848,14.100000381469727,46.586181640625,-23.294816970825195,26.399999618530273,361.7000732421875,23.29706573486328,40.5,408.2862548828125
19,4654,0.0011243820190429688,33.44999980926514,128.99316787719727,46.59188270568848,14.100000381469727,46.58617401123047,-23.294816970825195,26.399999618530273,105.70008087158203,23.29706573486328,40.5,152.2862548828125
20,4654,0.006427764892578125,0.0015277862548828125,24.949999809265137,46.586849212646484,46.59175109863281,14.100000381469727,-23.286996841430664,-23.294347763061523,17.899999618530273,23.29985237121582,23.29740333557129,32.0
21,4654,-107.99316787719727,0.0011243820190429688,351.5500030517578,46.58617401123047,46.59188270568848,14.100006103515625,-131.2862548828125,-23.294816970825195,344.5,-84.70008087158203,23.29706573486328,358.6000061035156
22,3430,7.4281065464019775,-27.501290321350098,-3.9149999618530273,8.528510570526123,4.487016677856445,3.5900001525878906,3.163851261138916,-29.74479866027832,-5.710000038146973,11.692361831665039,-25.257781982421875,-2.119999885559082
23,3430,-115.42810440063477,27.501290321350098,380.4149932861328,8.528511047363281,4.487016677856445,3.589996337890625,-119.6923599243164,25.257781982421875,378.6199951171875,-111.16384887695312,29.74479866027832,382.2099914550781
24,3430,27.501290321350098,4.585000038146973,136.42810821533203,4.487016677856445,3.5900001525878906,8.528518676757812,25.257781982421875,2.7899999618530273,132.16384887695312,29.74479866027832,6.380000114440918,140.69236755371094
25,3430,27.501290321350098,4.585000038146973,284.4281005859375,4.487016677856445,3.5900001525878906,8.52850341796875,25.257781982421875,2.7899999618530273,280.1638488769531,29.74479866027832,6.380000114440918,288.6923522949219
26,3430,27.501290321350098,4.585000038146973,392.4281005859375,4.487016677856445,3.5900001525878906,8.52850341796875,25.257781982421875,2.7899999618530273,388.1638488769531,29.74479866027832,6.380000114440918,396.6923522949219
27,2992,0.0,-16.5,129.0,38.0,7.0,38.0,-19.0,-20.0,110.0,19.0,-13.0,148.0
28,2516,0.0,36.39999961853027,129.0,65.96869659423828,7.200000762939453,66.0,-32.98434829711914,32.79999923706055,96.0,32.98434829711914,40.0,162.0
29,2516,0.0,36.39999961853027,385.0,65.96869659423828,7.200000762939453,66.0,-32.98434829711914,32.79999923706055,352.0,32.98434829711914,40.0,418.0
30,2516,0.0,36.39999961853027,277.0,65.96869659423828,7.200000762939453,66.0,-32.98434829711914,32.79999923706055,244.0,32.98434829711914,40.0,310.0
31,2516,-108.0,0.0,348.6000061035156,66.0,65.96869659423828,7.20001220703125,-141.0,-32.98434829711914,345.0,-75.0,32.98434829711914,352.20001220703125
32,2516,0.0,0.0,27.899999618530273,65.96869659423828,66.0,7.200000762939453,-32.98434829711914,-33.0,24.299999237060547,32.98434829711914,33.0,31.5
33,1516,0.0,6.5,385.0,69.98794555664062,1.6000003814697266,69.984619140625,-34.99397277832031,5.699999809265137,350.0076904296875,34.99397277832031,7.300000190734863,419.9923095703125
34,1516,0.0,0.0,-2.0,70.0,68.0,1.5999999046325684,-35.0,-34.0,-2.799999952316284,35.0,34.0,-1.2000000476837158
35,1516,0.0,6.5,128.99999618530273,69.98794555664062,1.6000003814697266,69.9845962524414,-34.99397277832031,5.699999809265137,94.00769805908203,34.99397277832031,7.300000190734863,163.99229431152344
36,1516,0.0,6.5,277.00000762939453,69.98794555664062,1.6000003814697266,69.98460388183594,-34.99397277832031,5.699999809265137,242.00770568847656,34.99397277832031,7.300000190734863,311.9923095703125
37,1516,-107.99999618530273,0.0,378.5,69.9845962524414,69.98794555664062,1.5999755859375,-142.99229431152344,-34.99397277832031,377.70001220703125,-73.00769805908203,34.99397277832031,379.29998779296875
38,1204,-116.11397933959961,30.281774520874023,380.4100036621094,10.524757385253906,9.365100860595703,4.20001220703125,-121.37635803222656,25.599224090576172,378.30999755859375,-110.85160064697266,34.964324951171875,382.510009765625
39,1204,30.281774520874023,4.590000033378601,393.1139678955078,9.365100860595703,4.200000047683716,10.524749755859375,25.599224090576172,2.490000009536743,387.8515930175781,34.964324951171875,6.690000057220459,398.3763427734375
40,1204,30.281774520874023,4.590000033378601,285.1139678955078,9.365100860595703,4.200000047683716,10.524749755859375,25.599224090576172,2.490000009536743,279.8515930175781,34.964324951171875,6.690000057220459,290.3763427734375
41,1204,30.281774520874023,4.590000033378601,137.11397552490234,9.365100860595703,4.200000047683716,10.524765014648438,25.599224090576172,2.490000009536743,131.85159301757812,34.964324951171875,6.690000057220459,142.37635803222656
42,1204,8.113977193832397,-30.281774520874023,-3.9100000858306885,10.524755954742432,9.365100860595703,4.200000286102295,2.8515992164611816,-34.964324951171875,-6.010000228881836,13.376355171203613,-25.599224090576172,-1.809999942779541
43,528,19.904306411743164,-16.5,133.90597534179688,3.0,3.0,3.0,18.404306411743164,-18.0,132.40597534179688,21.404306411743164,-15.0,135.40597534179688
44,528,-18.15184783935547,-16.5,119.47317504882812,3.0,3.0,3.0,-19.65184783935547,-18.0,117.97317504882812,-16.65184783935547,-15.0,120.97317504882812
45,528,-11.6453275680542,-16.5,112.12882995605469,3.0,3.0,3.0,-13.1453275680542,-18.0,110.62882995605469,-10.1453275680542,-15.0,113.62882995605469
46,528,-2.4710018932819366,-16.5,108.64946746826172,2.9999999403953552,3.0,3.0,-3.9710018634796143,-18.0,107.14946746826172,-0.971001923084259,-15.0,110.14946746826172
47,528,7.269400358200073,-16.5,109.83216857910156,3.000000476837158,3.0,3.0,5.769400119781494,-18.0,108.33216857910156,8.769400596618652,-15.0,111.33216857910156
48,528,15.344470500946045,-16.5,115.4059829711914,3.0000009536743164,3.0,3.0,13.844470024108887,-18.0,113.9059829711914,16.844470977783203,-15.0,116.9059829711914
49,528,19.904306411743164,-16.5,124.09403228759766,3.0,3.0,3.0,18.404306411743164,-18.0,122.59403228759766,21.404306411743164,-15.0,125.59403228759766
50,528,15.344470500946045,-16.5,142.59400939941406,3.0000009536743164,3.0,3.0,13.844470024108887,-18.0,141.09400939941406,16.844470977783203,-15.0,144.09400939941406
51,528,7.269400358200073,-16.5,148.16783142089844,3.000000476837158,3.0,3.0,5.769400119781494,-18.0,146.66783142089844,8.769400596618652,-15.0,149.66783142089844
52,528,-2.4710018932819366,-16.5,149.35052490234375,2.9999999403953552,3.0,3.0,-3.9710018634796143,-18.0,147.85052490234375,-0.971001923084259,-15.0,150.85052490234375
53,528,-11.6453275680542,-16.5,145.8711700439453,3.0,3.0,3.0,-13.1453275680542,-18.0,144.3711700439453,-10.1453275680542,-15.0,147.3711700439453
54,528,-18.15184783935547,-16.5,138.52682495117188,3.0,3.0,3.0,-19.65184783935547,-18.0,137.02682495117188,-16.65184783935547,-15.0,140.02682495117188
55,524,-20.410625457763672,4.949999928474426,264.28224182128906,3.7374534606933594,5.299999952316284,2.957794189453125,-22.27935218811035,2.299999952316284,262.8033447265625,-18.541898727416992,7.599999904632568,265.7611389160156
56,524,-95.28224182128906,-20.410625457763672,380.0500030517578,2.95782470703125,3.7374534606933594,5.300018310546875,-96.76115417480469,-22.27935218811035,377.3999938964844,-93.80332946777344,-18.541898727416992,382.70001220703125
57,524,-99.61236953735352,-22.910625457763672,380.0500030517578,2.9578170776367188,3.7374534606933594,5.300018310546875,-101.09127807617188,-24.77935218811035,377.3999938964844,-98.13346099853516,-21.041898727416992,382.70001220703125
58,524,0.7549999728798866,23.835000038146973,-3.5499998927116394,1.599999949336052,3.730001449584961,5.299999833106995,-0.04500000178813934,21.969999313354492,-6.199999809265137,1.5549999475479126,25.700000762939453,-0.8999999761581421
59,524,-4.245000004768372,23.835000038146973,-3.5499998927116394,1.6000001430511475,3.730001449584961,5.299999833106995,-5.045000076293945,21.969999313354492,-6.199999809265137,-3.444999933242798,25.700000762939453,-0.8999999761581421
60,524,-20.410625457763672,4.949999928474426,116.28224182128906,3.7374534606933594,5.299999952316284,2.95782470703125,-22.27935218811035,2.299999952316284,114.80332946777344,-18.541898727416992,7.599999904632568,117.76115417480469
61,524,-22.910625457763672,4.949999928474426,120.61236953735352,3.7374534606933594,5.299999952316284,2.9578170776367188,-24.77935218811035,2.299999952316284,119.13346099853516,-21.041898727416992,7.599999904632568,122.09127807617188
62,524,-22.910625457763672,4.949999928474426,268.61236572265625,3.7374534606933594,5.299999952316284,2.95782470703125,-24.77935218811035,2.299999952316284,267.1334533691406,-21.041898727416992,7.599999904632568,270.0912780761719
63,524,-20.410625457763672,4.949999928474426,372.28224182128906,3.7374534606933594,5.299999952316284,2.957794189453125,-22.27935218811035,2.299999952316284,370.8033447265625,-18.541898727416992,7.599999904632568,373.7611389160156
64,524,-22.910625457763672,4.949999928474426,376.61236572265625,3.7374534606933594,5.299999952316284,2.95782470703125,-24.77935218811035,2.299999952316284,375.1334533691406,-21.041898727416992,7.599999904632568,378.0912780761719
65,428,-25.944767951965332,3.100000023841858,113.18765640258789,5.813138961791992,1.6000001430511475,4.202629089355469,-28.851337432861328,2.299999952316284,111.08634185791016,-23.038198471069336,3.9000000953674316,115.28897094726562
66,428,0.7549999728798866,30.5,-5.3999998569488525,1.599999949336052,6.0,1.5999999046325684,-0.04500000178813934,27.5,-6.199999809265137,1.5549999475479126,33.5,-4.599999904632568
67,428,-25.944767951965332,3.100000023841858,261.1876525878906,5.813138961791992,1.6000001430511475,4.20263671875,-28.851337432861328,2.299999952316284,259.0863342285156,-23.038198471069336,3.9000000953674316,263.2889709472656
68,428,-25.944767951965332,3.100000023841858,369.1876525878906,5.813138961791992,1.6000001430511475,4.20263671875,-28.851337432861328,2.299999952316284,367.0863342285156,-23.038198471069336,3.9000000953674316,371.2889709472656
69,428,-92.18765640258789,-25.944767951965332,381.90000915527344,4.202629089355469,5.813138961791992,1.600006103515625,-94.28897094726562,-28.851337432861328,381.1000061035156,-90.08634185791016,-23.038198471069336,382.70001220703125
70,356,-4.245000004768372,30.5,-5.3999998569488525,1.6000001430511475,6.0,1.5999999046325684,-5.045000076293945,27.5,-6.199999809265137,-3.444999933242798,33.5,-4.599999904632568
71,356,-28.444767951965332,3.100000023841858,373.5177917480469,5.813138961791992,1.6000001430511475,4.20263671875,-31.351337432861328,2.299999952316284,371.4164733886719,-25.538198471069336,3.9000000953674316,375.6191101074219
72,356,-28.444767951965332,3.100000023841858,265.5177917480469,5.813138961791992,1.6000001430511475,4.20263671875,-31.351337432861328,2.299999952316284,263.4164733886719,-25.538198471069336,3.9000000953674316,267.6191101074219
73,356,-28.444767951965332,3.100000023841858,117.51778411865234,5.813138961791992,1.6000001430511475,4.2026214599609375,-31.351337432861328,2.299999952316284,115.41647338867188,-25.538198471069336,3.9000000953674316,119.61909484863281
74,356,-96.51778411865234,-28.444767951965332,381.90000915527344,4.2026214599609375,5.813138961791992,1.600006103515625,-98.61909484863281,-31.351337432861328,381.1000061035156,-94.41647338867188,-25.538198471069336,382.70001220703125
75,184,-92.87091064453125,-26.53460121154785,381.8999938964844,16.673873901367188,13.68155288696289,5.20001220703125,-101.20784759521484,-33.3753776550293,379.29998779296875,-84.53397369384766,-19.693824768066406,384.5
76,184,0.005000114440917969,30.100000381469727,-5.399999976158142,15.5,8.799999237060547,5.200000047683716,-7.744999885559082,25.700000762939453,-8.0,7.755000114440918,34.5,-2.799999952316284
77,184,-26.53460121154785,3.0999999046325684,369.87091064453125,13.68155288696289,5.199999809265137,16.67388916015625,-33.3753776550293,0.5,361.5339660644531,-19.693824768066406,5.699999809265137,378.2078552246094
78,184,-26.53460121154785,3.0999999046325684,113.87091064453125,13.68155288696289,5.199999809265137,16.673873901367188,-33.3753776550293,0.5,105.53397369384766,-19.693824768066406,5.699999809265137,122.20784759521484
79,184,-26.53460121154785,3.0999999046325684,261.87091064453125,13.68155288696289,5.199999809265137,16.67388916015625,-33.3753776550293,0.5,253.53396606445312,-19.693824768066406,5.699999809265137,270.2078552246094
80,100,-114.76735305786133,31.05165672302246,380.9049987792969,1.2018356323242188,3.665699005126953,0.75,-115.36827087402344,29.218807220458984,380.5299987792969,-114.16643524169922,32.88450622558594,381.2799987792969
81,100,30.53402042388916,4.09499990940094,137.69920349121094,3.665700912475586,0.7499997615814209,1.20184326171875,28.701169967651367,3.7200000286102295,137.09828186035156,32.36687088012695,4.46999979019165,138.3001251220703
82,100,-117.66512680053711,30.275200843811035,380.9049987792969,1.2018356323242188,3.665700912475586,0.75,-118.26604461669922,28.442350387573242,380.5299987792969,-117.064208984375,32.10805130004883,381.2799987792969
83,100,-118.14809036254883,30.145791053771973,380.9049987792969,1.2018356323242188,3.665700912475586,0.75,-118.74900817871094,28.31294059753418,380.5299987792969,-117.54717254638672,31.978641510009766,381.2799987792969
84,100,-115.73328018188477,30.79283905029297,380.9049987792969,1.2018356323242188,3.6657028198242188,0.75,-116.33419799804688,28.95998764038086,380.5299987792969,-115.13236236572266,32.62569046020508,381.2799987792969
85,100,-114.28438949584961,31.181066513061523,380.9049987792969,1.2018356323242188,3.665699005126953,0.75,-114.88530731201172,29.348217010498047,380.5299987792969,-113.6834716796875,33.013916015625,381.2799987792969
86,100,30.663429260253906,4.09499990940094,137.21623992919922,3.6657028198242188,0.7499997615814209,1.2018280029296875,28.830577850341797,3.7200000286102295,136.61532592773438,32.496280670166016,4.46999979019165,137.81715393066406
87,100,-116.21624374389648,30.663429260253906,380.9049987792969,1.2018356323242188,3.6657028198242188,0.75,-116.8171615600586,28.830577850341797,380.5299987792969,-115.61532592773438,32.496280670166016,381.2799987792969
88,100,-116.69920349121094,30.53402042388916,380.9049987792969,1.20184326171875,3.665700912475586,0.75,-117.30012512207031,28.701169967651367,380.5299987792969,-116.09828186035156,32.36687088012695,381.2799987792969
89,100,-117.18216705322266,30.404610633850098,380.9049987792969,1.20184326171875,3.665700912475586,0.75,-117.78308868408203,28.571760177612305,380.5299987792969,-116.58124542236328,32.23746109008789,381.2799987792969
90,100,-115.25031661987305,30.92224884033203,380.9049987792969,1.2018356323242188,3.6657028198242188,0.75,-115.85123443603516,29.089397430419922,380.5299987792969,-114.64939880371094,32.75510025024414,381.2799987792969
91,100,31.181066513061523,4.09499990940094,135.28439331054688,3.665699005126953,0.7499997615814209,1.20184326171875,29.348217010498047,3.7200000286102295,134.6834716796875,33.013916015625,4.46999979019165,135.88531494140625
92,100,31.05165672302246,4.09499990940094,135.76734924316406,3.665699005126953,0.7499997615814209,1.20184326171875,29.218807220458984,3.7200000286102295,135.1664276123047,32.88450622558594,4.46999979019165,136.36827087402344
93,100,30.92224884033203,4.09499990940094,136.25031280517578,3.6657028198242188,0.7499997615814209,1.2018280029296875,29.089397430419922,3.7200000286102295,135.64939880371094,32.75510025024414,4.46999979019165,136.85122680664062
94,100,30.79283905029297,4.09499990940094,136.7332763671875,3.6657028198242188,0.7499997615814209,1.20184326171875,28.95998764038086,3.7200000286102295,136.13235473632812,32.62569046020508,4.46999979019165,137.33419799804688
95,100,30.404610633850098,4.09499990940094,138.18216705322266,3.665700912475586,0.7499997615814209,1.2018280029296875,28.571760177612305,3.7200000286102295,137.5812530517578,32.23746109008789,4.46999979019165,138.7830810546875
96,100,30.145791053771973,4.09499990940094,139.1480941772461,3.665700912475586,0.7499997615814209,1.2018280029296875,28.31294059753418,3.7200000286102295,138.54718017578125,31.978641510009766,4.46999979019165,139.74900817871094
97,100,30.275200843811035,4.09499990940094,138.66513061523438,3.665700912475586,0.7499997615814209,1.20184326171875,28.442350387573242,3.7200000286102295,138.064208984375,32.10805130004883,4.46999979019165,139.26605224609375
98,100,30.663429260253906,4.09499990940094,393.21624755859375,3.6657028198242188,0.7499997615814209,1.20184326171875,28.830577850341797,3.7200000286102295,392.6153259277344,32.496280670166016,4.46999979019165,393.8171691894531
99,100,8.216241121292114,-30.663429260253906,-4.40500020980835,1.2018370628356934,3.6657028198242188,0.75,7.615322589874268,-32.496280670166016,-4.78000020980835,8.817159652709961,-28.830577850341797,-4.03000020980835
100,100,10.14809274673462,-30.145791053771973,-4.40500020980835,1.2018365859985352,3.665700912475586,0.75,9.547174453735352,-31.978641510009766,-4.78000020980835,10.749011039733887,-28.31294059753418,-4.03000020980835
101,100,30.663429260253906,4.09499990940094,285.21624755859375,3.6657028198242188,0.7499997615814209,1.20184326171875,28.830577850341797,3.7200000286102295,284.6153259277344,32.496280670166016,4.46999979019165,285.8171691894531
102,100,30.275200843811035,4.09499990940094,286.6651306152344,3.665700912475586,0.7499997615814209,1.20184326171875,28.442350387573242,3.7200000286102295,286.064208984375,32.10805130004883,4.46999979019165,287.26605224609375
103,100,30.145791053771973,4.09499990940094,287.1481018066406,3.665700912475586,0.7499997615814209,1.20184326171875,28.31294059753418,3.7200000286102295,286.54718017578125,31.978641510009766,4.46999979019165,287.7490234375
104,100,30.79283905029297,4.09499990940094,284.7332763671875,3.6657028198242188,0.7499997615814209,1.20184326171875,28.95998764038086,3.7200000286102295,284.1323547363281,32.62569046020508,4.46999979019165,285.3341979980469
105,100,30.92224884033203,4.09499990940094,284.25030517578125,3.6657028198242188,0.7499997615814209,1.20184326171875,29.089397430419922,3.7200000286102295,283.6493835449219,32.75510025024414,4.46999979019165,284.8512268066406
106,100,31.05165672302246,4.09499990940094,283.76734924316406,3.665699005126953,0.7499997615814209,1.201812744140625,29.218807220458984,3.7200000286102295,283.16644287109375,32.88450622558594,4.46999979019165,284.3682556152344
107,100,31.181066513061523,4.09499990940094,283.2843933105469,3.665699005126953,0.7499997615814209,1.20184326171875,29.348217010498047,3.7200000286102295,282.6834716796875,33.013916015625,4.46999979019165,283.88531494140625
108,100,31.05165672302246,4.09499990940094,391.76734924316406,3.665699005126953,0.7499997615814209,1.201812744140625,29.218807220458984,3.7200000286102295,391.16644287109375,32.88450622558594,4.46999979019165,392.3682556152344
109,100,30.92224884033203,4.09499990940094,392.25030517578125,3.6657028198242188,0.7499997615814209,1.20184326171875,29.089397430419922,3.7200000286102295,391.6493835449219,32.75510025024414,4.46999979019165,392.8512268066406
110,100,31.181066513061523,4.09499990940094,391.2843933105469,3.665699005126953,0.7499997615814209,1.20184326171875,29.348217010498047,3.7200000286102295,390.6834716796875,33.013916015625,4.46999979019165,391.88531494140625
111,100,30.79283905029297,4.09499990940094,392.7332763671875,3.6657028198242188,0.7499997615814209,1.20184326171875,28.95998764038086,3.7200000286102295,392.1323547363281,32.62569046020508,4.46999979019165,393.3341979980469
112,100,30.145791053771973,4.09499990940094,395.1481018066406,3.665700912475586,0.7499997615814209,1.20184326171875,28.31294059753418,3.7200000286102295,394.54718017578125,31.978641510009766,4.46999979019165,395.7490234375
113,100,30.404610633850098,4.09499990940094,286.1821594238281,3.665700912475586,0.7499997615814209,1.20184326171875,28.571760177612305,3.7200000286102295,285.58123779296875,32.23746109008789,4.46999979019165,286.7830810546875
114,100,30.275200843811035,4.09499990940094,394.6651306152344,3.665700912475586,0.7499997615814209,1.20184326171875,28.442350387573242,3.7200000286102295,394.064208984375,32.10805130004883,4.46999979019165,395.26605224609375
115,100,9.665130138397217,-30.275200843811035,-4.40500020980835,1.2018365859985352,3.665700912475586,0.75,9.06421184539795,-32.10805130004883,-4.78000020980835,10.266048431396484,-28.442350387573242,-4.03000020980835
116,100,9.182166576385498,-30.404610633850098,-4.40500020980835,1.2018365859985352,3.665700912475586,0.75,8.58124828338623,-32.23746109008789,-4.78000020980835,9.783084869384766,-28.571760177612305,-4.03000020980835
117,100,8.699203968048096,-30.53402042388916,-4.40500020980835,1.2018365859985352,3.665700912475586,0.75,8.098285675048828,-32.36687088012695,-4.78000020980835,9.300122261047363,-28.701169967651367,-4.03000020980835
118,100,6.284389495849609,-31.181066513061523,-4.40500020980835,1.2018365859985352,3.665699005126953,0.75,5.683471202850342,-33.013916015625,-4.78000020980835,6.885307788848877,-29.348217010498047,-4.03000020980835
119,100,6.767352342605591,-31.05165672302246,-4.40500020980835,1.2018370628356934,3.665699005126953,0.75,6.166433811187744,-32.88450622558594,-4.78000020980835,7.3682708740234375,-29.218807220458984,-4.03000020980835
120,100,7.250315189361572,-30.92224884033203,-4.40500020980835,1.2018365859985352,3.6657028198242188,0.75,6.649396896362305,-32.75510025024414,-4.78000020980835,7.85123348236084,-29.089397430419922,-4.03000020980835
121,100,7.733277797698975,-30.79283905029297,-4.40500020980835,1.2018365859985352,3.6657028198242188,0.75,7.132359504699707,-32.62569046020508,-4.78000020980835,8.334196090698242,-28.95998764038086,-4.03000020980835
122,100,30.404610633850098,4.09499990940094,394.1821594238281,3.665700912475586,0.7499997615814209,1.20184326171875,28.571760177612305,3.7200000286102295,393.58123779296875,32.23746109008789,4.46999979019165,394.7830810546875
123,100,30.53402042388916,4.09499990940094,393.69920349121094,3.665700912475586,0.7499997615814209,1.201812744140625,28.701169967651367,3.7200000286102295,393.0982971191406,32.36687088012695,4.46999979019165,394.30010986328125
124,100,30.53402042388916,4.09499990940094,285.69920349121094,3.665700912475586,0.7499997615814209,1.201812744140625,28.701169967651367,3.7200000286102295,285.0982971191406,32.36687088012695,4.46999979019165,286.30010986328125
125,92,30.78557777404785,4.0950000286102295,137.19351959228516,5.877483367919922,0.7000002861022949,7.2917022705078125,27.84683609008789,3.744999885559082,133.54766845703125,33.72431945800781,4.445000171661377,140.83937072753906
126,92,-116.19351577758789,30.78557777404785,380.9049987792969,7.291694641113281,5.877483367919922,0.70001220703125,-119.83936309814453,27.84683609008789,380.55499267578125,-112.54766845703125,33.72431945800781,381.2550048828125
127,92,30.78557777404785,4.0950000286102295,393.1935119628906,5.877483367919922,0.7000002861022949,7.29168701171875,27.84683609008789,3.744999885559082,389.54766845703125,33.72431945800781,4.445000171661377,396.83935546875
128,92,30.78557777404785,4.0950000286102295,285.1935119628906,5.877483367919922,0.7000002861022949,7.29168701171875,27.84683609008789,3.744999885559082,281.54766845703125,33.72431945800781,4.445000171661377,288.83935546875
129,92,8.193515300750732,-30.78557777404785,-4.4049999713897705,7.2916975021362305,5.877483367919922,0.7000002861022949,4.547666549682617,-33.72431945800781,-4.755000114440918,11.839364051818848,-27.84683609008789,-4.054999828338623
130,76,-19.445563316345215,4.699999928474426,368.45570373535156,2.746522903442383,5.799999952316284,1.932098388671875,-20.818824768066406,1.7999999523162842,367.4896545410156,-18.072301864624023,7.599999904632568,369.4217529296875
131,76,4.605000019073486,25.112500190734863,-3.7999998927116394,0.6000003814697266,2.8249988555908203,5.799999833106995,4.304999828338623,23.700000762939453,-6.699999809265137,4.90500020980835,26.524999618530273,-0.8999999761581421
132,76,-19.445563316345215,4.699999928474426,112.45570373535156,2.746522903442383,5.799999952316284,1.9321136474609375,-20.818824768066406,1.7999999523162842,111.4896469116211,-18.072301864624023,7.599999904632568,113.42176055908203
133,76,-19.445563316345215,4.699999928474426,260.45570373535156,2.746522903442383,5.799999952316284,1.932098388671875,-20.818824768066406,1.7999999523162842,259.4896545410156,-18.072301864624023,7.599999904632568,261.4217529296875
134,76,-91.45570373535156,-19.445563316345215,380.3000030517578,1.9321136474609375,2.746522903442383,5.800018310546875,-92.42176055908203,-20.818824768066406,377.3999938964844,-90.4896469116211,-18.072301864624023,383.20001220703125
135,54,-20.311589241027832,5.699999928474426,111.95570373535156,1.0144710540771484,3.799999952316284,0.9321136474609375,-20.818824768066406,3.799999952316284,111.4896469116211,-19.804353713989258,7.599999904632568,112.42176055908203
136,54,-90.95570373535156,-20.311589241027832,379.3000030517578,0.9321136474609375,1.0144710540771484,3.800018310546875,-91.42176055908203,-20.818824768066406,377.3999938964844,-90.4896469116211,-19.804353713989258,381.20001220703125
137,54,-20.311589241027832,5.699999928474426,367.95570373535156,1.0144710540771484,3.799999952316284,0.932098388671875,-20.818824768066406,3.799999952316284,367.4896545410156,-19.804353713989258,7.599999904632568,368.4217529296875
138,54,-20.311589241027832,5.699999928474426,259.95570373535156,1.0144710540771484,3.799999952316284,0.932098388671875,-20.818824768066406,3.799999952316284,259.4896545410156,-19.804353713989258,7.599999904632568,260.4217529296875
139,54,4.605000019073486,26.112500190734863,-2.7999998927116394,0.6000003814697266,0.8249988555908203,3.7999998331069946,4.304999828338623,25.700000762939453,-4.699999809265137,4.90500020980835,26.524999618530273,-0.8999999761581421
140,20,4.605000019073486,30.5,-6.3999998569488525,0.6000003814697266,6.0,0.5999999046325684,4.304999828338623,27.5,-6.699999809265137,4.90500020980835,33.5,-6.099999904632568
141,20,-24.089234352111816,4.100000023841858,365.8001251220703,5.452070236206055,0.6000001430511475,3.443267822265625,-26.815269470214844,3.799999952316284,364.0784912109375,-21.36319923400879,4.400000095367432,367.5217590332031
142,20,-24.089234352111816,2.100000023841858,365.8001251220703,5.452070236206055,0.6000001430511475,3.443267822265625,-26.815269470214844,1.7999999523162842,364.0784912109375,-21.36319923400879,2.4000000953674316,367.5217590332031
143,20,-24.089234352111816,2.100000023841858,109.80012893676758,5.452070236206055,0.6000001430511475,3.4432601928710938,-26.815269470214844,1.7999999523162842,108.07849884033203,-21.36319923400879,2.4000000953674316,111.52175903320312
144,20,-24.089234352111816,4.100000023841858,109.80012893676758,5.452070236206055,0.6000001430511475,3.4432601928710938,-26.815269470214844,3.799999952316284,108.07849884033203,-21.36319923400879,4.400000095367432,111.52175903320312
145,20,-88.80012893676758,-24.089234352111816,382.90000915527344,3.4432601928710938,5.452070236206055,0.600006103515625,-90.52175903320312,-26.815269470214844,382.6000061035156,-87.07849884033203,-21.36319923400879,383.20001220703125
146,20,-24.089234352111816,2.100000023841858,257.8001251220703,5.452070236206055,0.6000001430511475,3.443267822265625,-26.815269470214844,1.7999999523162842,256.0784912109375,-21.36319923400879,2.4000000953674316,259.5217590332031
147,20,-24.089234352111816,4.100000023841858,257.8001251220703,5.452070236206055,0.6000001430511475,3.443267822265625,-26.815269470214844,3.799999952316284,256.0784912109375,-21.36319923400879,4.400000095367432,259.5217590332031
148,20,4.605000019073486,30.5,-4.3999998569488525,0.6000003814697266,6.0,0.5999999046325684,4.304999828338623,27.5,-4.699999809265137,4.90500020980835,33.5,-4.099999904632568
149,20,-88.80012893676758,-24.089234352111816,380.90000915527344,3.4432601928710938,5.452070236206055,0.600006103515625,-90.52175903320312,-26.815269470214844,380.6000061035156,-87.07849884033203,-21.36319923400879,381.20001220703125
